# Name,   Type, SubType, Offset,  Size, Flags
# Pixoo 64 (ESP32-WROVER-IE, 8MB) - offsets match stock Divoom firmware layout exactly
nvs,      data, nvs,     0x9000,  0x4000,
otadata,  data, ota,     0xD000,  0x2000,
phy_init, data, phy,     0xF000,  0x1000,
ota_0,    app,  ota_0,   0x10000, 0x280000,
ota_1,    app,  ota_1,   0x290000,0x280000,
# NOTE: FS partition MUST be labeled "spiffs" (WLED mounts LittleFS with no label arg,
# the core then looks up the "spiffs"-labeled data partition). Offsets match stock.
spiffs,   data, spiffs,  0x510000,0x2F0000,
